Name,Surname,Age,Avgdiff
Ada,Lovelace,37,-23.166666666666664
John,von Neumann,53,-7.166666666666664
Alan,Turing,42,-18.166666666666664
Edsger W.,Dijkstra,72,11.833333333333336
Donald,Knuth,87,26.833333333333336
Dennis,Ritchie,70,9.833333333333336
